"voornamen";"geslachtsnaam";"geslacht";"email";"telnr";"postcode"
"Alinda";"Olsman";"female";"alinda.olsman@example.com";"(026) 9012840";"0714 OE"
"Veronique";"Feiken";"female";"veronique.feiken@example.com";"(0661) 039274";"9719 SC"
"Lucía";"Benjamin";"female";"lucia.benjamin@example.com";"(072) 0733196";"0936 OI"
"Lidwien";"Boertje";"female";"lidwien.boertje@example.com";"(098) 2782510";"9453 HQ"
"Kelly";"Roeterdink";"male";"kelly.roeterdink@example.com";"(048) 8262511";"0864 GI"
"Enis";"Van Nuil";"male";"enis.vannuil@example.com";"(0609) 592465";"9486 SP"
"Sheranie";"Schluter";"female";"sheranie.schluter@example.com";"(087) 9001880";"8422 GU"
"Lynette";"Van Toor";"female";"lynette.vantoor@example.com";"(0729) 021228";"7217 HG"
"Angelika";"Eppinga";"female";"angelika.eppinga@example.com";"(0586) 999011";"1487 GT"
"Teunis";"Mohr";"male";"teunis.mohr@example.com";"(0583) 439968";"0194 EI"
"Geordy";"Van Straalen";"male";"geordy.vanstraalen@example.com";"(0145) 583383";"9639 QJ"
"Habib";"Jongejan";"male";"habib.jongejan@example.com";"(038) 9586863";"8338 ND"
"Ozlem";"Schetters";"female";"ozlem.schetters@example.com";"(0276) 247053";"8937 CK"
"Charelle";"Collé";"female";"charelle.colle@example.com";"(090) 2363573";"2479 HA"
"Jeremy";"Boerrigter";"male";"jeremy.boerrigter@example.com";"(0142) 730985";"9099 YW"
"Chakir";"Dullens";"male";"chakir.dullens@example.com";"(009) 0247156";"3686 HB"
"Dyami";"Wenting";"male";"dyami.wenting@example.com";"(0206) 640170";"2828 WN"
"Roeland";"Nederend";"male";"roeland.nederend@example.com";"(032) 6268119";"6300 CV"
"Gerline";"Van Engelenburg";"female";"gerline.vanengelenburg@example.com";"(0844) 525046";"1187 WW"
"Fenny";"Van Lin";"female";"fenny.vanlin@example.com";"(0440) 555981";"9456 KV"
"Ashkan";"Peijs";"male";"ashkan.peijs@example.com";"(019) 2700738";"6453 HY"
"Dorian";"Hooghiemstra";"male";"dorian.hooghiemstra@example.com";"(063) 9982693";"8399 EQ"
"Diana";"Ten Haaf";"female";"diana.tenhaaf@example.com";"(0084) 623114";"2151 TR"
"Ludovic";"Timmers";"male";"ludovic.timmers@example.com";"(0020) 121709";"7990 WK"
"Angenita";"Dirksen";"female";"angenita.dirksen@example.com";"(038) 7161653";"3420 EB"
"Yari";"Vriesema";"male";"yari.vriesema@example.com";"(051) 2132590";"0701 WA"
"Coenradus";"Luijkx";"male";"coenradus.luijkx@example.com";"(0592) 672513";"5311 DY"
"Renee";"Van Halteren";"female";"renee.vanhalteren@example.com";"(0807) 168281";"1290 YC"
"Sky";"Gaal";"male";"sky.gaal@example.com";"(0800) 354892";"4693 XF"
"Roby";"Van der Wilk";"female";"roby.vanderwilk@example.com";"(0809) 244109";"2455 IW"
"Josia";"Brienen";"male";"josia.brienen@example.com";"(086) 2194836";"6212 GA"
"Lucinde";"Mars";"female";"lucinde.mars@example.com";"(022) 0574715";"6100 HF"
"Maximillian";"De Gunst";"male";"maximillian.degunst@example.com";"(0230) 289384";"0581 TG"
"Ibtisame";"Jongman";"female";"ibtisame.jongman@example.com";"(0953) 073869";"9968 IN"
"Juliëtte";"Verbakel";"female";"juliette.verbakel@example.com";"(0251) 045684";"2780 MN"
"Irfan";"Van Groesen";"male";"irfan.vangroesen@example.com";"(038) 1395619";"6532 XI"
"Splinter";"Van der Bent";"male";"splinter.vanderbent@example.com";"(036) 0623296";"2343 KE"
"Anish";"Rip";"male";"anish.rip@example.com";"(004) 5764900";"9811 HI"
"Zoulikha";"Maaskant";"female";"zoulikha.maaskant@example.com";"(0543) 785214";"7206 LV"
"Sharony";"Van Nistelrooij";"female";"sharony.vannistelrooij@example.com";"(014) 1432243";"4440 BD"
"Ruben";"Wokke";"male";"ruben.wokke@example.com";"(0593) 145924";"2192 MC"
"Jitze";"Kruse";"male";"jitze.kruse@example.com";"(061) 2937314";"2622 MW"
"Sheranie";"Even";"female";"sheranie.even@example.com";"(005) 1877792";"8897 AR"
"Jikke";"Overbeek";"male";"jikke.overbeek@example.com";"(025) 9088906";"4742 LN"
"Nadi";"Van Westerop";"female";"nadi.vanwesterop@example.com";"(0099) 384908";"1606 LU"
"Nander";"Grooters";"male";"nander.grooters@example.com";"(056) 7285279";"4942 CP"
"Flory";"Batelaan";"female";"flory.batelaan@example.com";"(048) 8346273";"6258 VU"
"Danni";"De Vette";"female";"danni.devette@example.com";"(0656) 472981";"1634 SE"
"Marcela";"Heesakkers";"female";"marcela.heesakkers@example.com";"(087) 8949765";"4543 GU"
"Meg";"Bangma";"female";"meg.bangma@example.com";"(069) 9114086";"5698 DW"
"Jess";"Joppe";"female";"jess.joppe@example.com";"(0562) 726251";"2267 SX"
"Jouri";"Koole";"male";"jouri.koole@example.com";"(017) 6278830";"1199 JE"
"Antoinetta";"Breebaart";"female";"antoinetta.breebaart@example.com";"(003) 2943294";"4227 KZ"
"Yoran";"Huibers";"male";"yoran.huibers@example.com";"(067) 8885967";"0292 DU"
"Thijs";"Roelvink";"male";"thijs.roelvink@example.com";"(015) 0555689";"1136 ZA"
"Prya";"Owusu";"female";"prya.owusu@example.com";"(072) 6958277";"4827 GV"
"Kristy";"Rijswijk";"female";"kristy.rijswijk@example.com";"(051) 3350118";"1972 EX"
"Remziye";"Houwing";"female";"remziye.houwing@example.com";"(0903) 841172";"4785 PZ"
"Loulou";"Van den Hoek";"female";"loulou.vandenhoek@example.com";"(078) 3411696";"7560 LN"
"Symen";"Los";"male";"symen.los@example.com";"(063) 5901572";"1965 EV"
"Leoniek";"Migchels";"female";"leoniek.migchels@example.com";"(0916) 596341";"0489 HK"
